{
  "layer_0_weights": {
    "norms": [
      7.1921634940102575,
      0.02642631151850344
    ],
    "mean": 3.6092949027643804,
    "std": 3.582868591245877,
    "count": 2
  }
}