{
  "root_hash": "03f6a867db21684c4df91a3abf4aca057bcb0a8546f839b26efe3ebb7eb7bb2d",
  "total_leaves": 100,
  "hash_algorithm": "sha256",
  "domain_separation": true,
  "kdf_config": {
    "algorithm": "pbkdf2_sha256",
    "iterations": 10000,
    "dklen": 32,
    "salt_length": 32
  },
  "canonical_schema": {
    "fields": [],
    "schema_version": "1.0",
    "numeric_precision": 6,
    "date_format": "iso",
    "sort_keys": true,
    "separators": [
      ",",
      ":"
    ]
  },
  "build_timestamp": "2025-08-22T17:19:44.527675+00:00",
  "build_time_seconds": 0.41268348693847656,
  "user_indices": {
    "user_0": 0,
    "user_1": 1,
    "user_2": 2,
    "user_3": 3,
    "user_4": 4,
    "user_5": 5,
    "user_6": 6,
    "user_7": 7,
    "user_8": 8,
    "user_9": 9,
    "user_10": 10,
    "user_11": 11,
    "user_12": 12,
    "user_13": 13,
    "user_14": 14,
    "user_15": 15,
    "user_16": 16,
    "user_17": 17,
    "user_18": 18,
    "user_19": 19,
    "user_20": 20,
    "user_21": 21,
    "user_22": 22,
    "user_23": 23,
    "user_24": 24,
    "user_25": 25,
    "user_26": 26,
    "user_27": 27,
    "user_28": 28,
    "user_29": 29,
    "user_30": 30,
    "user_31": 31,
    "user_32": 32,
    "user_33": 33,
    "user_34": 34,
    "user_35": 35,
    "user_36": 36,
    "user_37": 37,
    "user_38": 38,
    "user_39": 39,
    "user_40": 40,
    "user_41": 41,
    "user_42": 42,
    "user_43": 43,
    "user_44": 44,
    "user_45": 45,
    "user_46": 46,
    "user_47": 47,
    "user_48": 48,
    "user_49": 49,
    "user_50": 50,
    "user_51": 51,
    "user_52": 52,
    "user_53": 53,
    "user_54": 54,
    "user_55": 55,
    "user_56": 56,
    "user_57": 57,
    "user_58": 58,
    "user_59": 59,
    "user_60": 60,
    "user_61": 61,
    "user_62": 62,
    "user_63": 63,
    "user_64": 64,
    "user_65": 65,
    "user_66": 66,
    "user_67": 67,
    "user_68": 68,
    "user_69": 69,
    "user_70": 70,
    "user_71": 71,
    "user_72": 72,
    "user_73": 73,
    "user_74": 74,
    "user_75": 75,
    "user_76": 76,
    "user_77": 77,
    "user_78": 78,
    "user_79": 79,
    "user_80": 80,
    "user_81": 81,
    "user_82": 82,
    "user_83": 83,
    "user_84": 84,
    "user_85": 85,
    "user_86": 86,
    "user_87": 87,
    "user_88": 88,
    "user_89": 89,
    "user_90": 90,
    "user_91": 91,
    "user_92": 92,
    "user_93": 93,
    "user_94": 94,
    "user_95": 95,
    "user_96": 96,
    "user_97": 97,
    "user_98": 98,
    "user_99": 99
  },
  "schema_version": "1.0",
  "persistent_files": {
    "salts": "salts.json",
    "leaves": "leaves.json",
    "levels": "levels.json",
    "schema": "canonical_schema.json"
  },
  "performance": {
    "proof_generation": "O(log n)",
    "kdf_iterations": 10000,
    "kdf_strength": "demo"
  }
}